구간,검색주소,주거건물,전체건물,노후도,평균나이,신축,교회,상업시설,요건충족,충족상태,블록점수,등급,문제점,구,동,lat,lon
3~9번지,서울특별시 강북구 미아동 3-8,358,388,84.4,43.0,5,2,23,True,충족,66.6,B (유력),"교회 2개, 대형상가 2개",강북구,미아동,37.6178381375356,127.033570667164
35~103번지,서울특별시 강북구 미아동 35-1,1025,1330,81.2,38.2,33,3,287,True,충족,62.5,C (가능성 있음),"교회 3개, 대형상가 14개",강북구,미아동,37.6124882370812,127.030630531013
121~128번지,서울특별시 강북구 미아동 121-1,170,212,68.8,36.3,12,1,35,True,충족,59.9,C (가능성 있음),"교회 1개, 대형상가 6개",강북구,미아동,37.626440378211,127.027396081705
1~10번지,서울특별시 강북구 수유동 1-2,241,276,65.6,31.9,16,0,34,True,충족,69.8,B (유력),대형상가 2개,강북구,수유동,37.6377247500108,127.0219155798
165~168번지,서울특별시 강북구 수유동 165-1,139,153,51.8,29.7,12,0,13,True,충족,63.6,C (가능성 있음),-,강북구,수유동,37.6386547140255,127.018416826007
23~104번지,서울특별시 강북구 수유동 23-1,1010,1285,75.0,35.4,63,0,260,True,충족,59.2,C (가능성 있음),대형상가 22개,강북구,수유동,37.6387697545528,127.02016325484
117~134번지,서울특별시 강북구 수유동 117,199,233,50.8,28.2,23,1,29,True,충족,58.1,C (가능성 있음),"교회 1개, 대형상가 1개",강북구,수유동,37.6343980021353,127.019029936679
220~248번지,서울특별시 강북구 번동 220,9,30,77.8,27.8,2,0,14,True,충족,68.8,B (유력),"대형상가 2개, 신축 22%",강북구,번동,37.6260089073304,127.043786216163
330~349번지,서울특별시 강북구 번동 330-1,12,14,75.0,28.0,1,0,1,True,충족,67.2,B (유력),대형상가 1개,강북구,번동,37.6314285436952,127.036864071288
105~204번지,서울특별시 강북구 번동 105,416,492,87.0,33.7,7,4,55,True,충족,63.7,C (가능성 있음),"교회 4개, 대형상가 8개",강북구,번동,37.6203258966341,127.045072593705
410~454번지,서울특별시 강북구 번동 410,943,1189,77.4,34.6,43,3,230,True,충족,59.7,C (가능성 있음),"교회 3개, 대형상가 23개",강북구,번동,37.6358377607602,127.03201596996
300~318번지,서울특별시 강북구 번동 300,16,42,43.8,30.1,1,1,20,False,1년 후 충족,42.6,D (가능성 낮음),"노후도 미충족 (1년 후 충족 예상), 교회 1개, 대형상가 3개",강북구,번동,37.6279958941242,127.040649888517
267~273번지,서울특별시 강북구 번동 267,7,17,14.3,24.6,1,0,9,False,1년 후 충족,42.0,D (가능성 낮음),"노후도 미충족 (1년 후 충족 예상), 대형상가 1개",강북구,번동,37.6282319233733,127.043996755098
556~557번지,서울특별시 노원구 공릉동 556-1,30,34,50.0,25.3,3,0,4,True,충족,62.2,C (가능성 있음),-,노원구,공릉동,37.6242844673786,127.075996942686
14~39번지,서울특별시 노원구 공릉동 14,37,69,51.4,35.4,0,1,11,True,충족,57.9,C (가능성 있음),"교회 1개, 대형상가 3개",노원구,공릉동,37.6236244325716,127.097197686304
205~256번지,서울특별시 노원구 공릉동 205,168,229,56.5,28.2,20,1,48,True,충족,55.1,C (가능성 있음),"교회 1개, 대형상가 5개",노원구,공릉동,37.6301995501118,127.08557885409
269~271번지,서울특별시 노원구 공릉동 269-2,40,45,45.0,26.5,8,1,4,False,5년 후 충족,47.0,D (가능성 낮음),"노후도 미충족 (5년 후 충족 예상), 교회 1개",노원구,공릉동,37.6217066388283,127.080634235785
312~441번지,서울특별시 노원구 공릉동 312-3,530,797,47.2,26.6,51,1,254,False,2년 후 충족,39.4,D (가능성 낮음),"노후도 미충족 (2년 후 충족 예상), 교회 1개, 대형상가 32개",노원구,공릉동,37.6283676314196,127.070055852262
492~517번지,서울특별시 노원구 공릉동 492-1,256,326,41.0,25.2,24,2,64,False,6년 후 충족,38.1,D (가능성 낮음),"노후도 미충족 (6년 후 충족 예상), 교회 2개, 대형상가 5개",노원구,공릉동,37.6233359689655,127.07142868169
103~141번지,서울특별시 노원구 공릉동 103-34,80,95,7.5,22.3,9,2,5,False,8년 후 충족,33.7,F (가능성 희박),"노후도 미충족 (8년 후 충족 예상), 교회 2개, 대형상가 2개",노원구,공릉동,37.6240952251911,127.091181574854
208~213번지,서울특별시 노원구 하계동 208-1,11,34,63.6,42.8,0,1,21,True,충족,71.9,B (유력),교회 1개,노원구,하계동,37.6393430643456,127.070378299501
270~288번지,서울특별시 노원구 하계동 270,19,43,73.7,32.1,0,3,12,True,충족,60.9,C (가능성 있음),"교회 3개, 대형상가 6개",노원구,하계동,37.636849832574,127.066382239396
224~256번지,서울특별시 노원구 하계동 224-9,10,41,70.0,26.8,1,6,16,True,충족,60.1,C (가능성 있음),"교회 6개, 대형상가 11개",노원구,하계동,37.6415617066369,127.073097985188
55~78번지,서울특별시 노원구 하계동 55,85,109,40.0,25.0,8,0,18,False,6년 후 충족,45.9,D (가능성 낮음),"노후도 미충족 (6년 후 충족 예상), 대형상가 1개",노원구,하계동,37.6374004195695,127.075810103075
115~120번지,서울특별시 노원구 하계동 115-1,6,9,0.0,21.8,0,0,3,False,6년 후 충족,42.1,D (가능성 낮음),노후도 미충족 (6년 후 충족 예상),노원구,하계동,37.6357005574727,127.070235624339
353~357번지,서울특별시 노원구 하계동 353,4,5,0.0,25.8,0,0,0,False,3년 후 충족,42.1,D (가능성 낮음),노후도 미충족 (3년 후 충족 예상),노원구,하계동,37.6374591775029,127.077316227926
135~191번지,서울특별시 노원구 하계동 135-3,68,131,36.8,24.1,9,3,55,False,6년 후 충족,37.2,D (가능성 낮음),"노후도 미충족 (6년 후 충족 예상), 교회 3개, 대형상가 6개",노원구,하계동,37.634107382288,127.070776569414
32~205번지,서울특별시 노원구 상계동 32,1337,1690,81.5,35.2,41,6,319,True,충족,62.5,C (가능성 있음),"교회 6개, 대형상가 6개",노원구,상계동,37.6750755600369,127.085877595731
318~370번지,서울특별시 노원구 상계동 318-1,56,173,66.1,30.7,2,4,98,True,충족,61.8,C (가능성 있음),"교회 4개, 대형상가 21개",노원구,상계동,37.6533984159317,127.068061212476
356~369번지,서울특별시 노원구 중계동 356,14,82,100.0,32.9,0,9,35,True,충족,64.4,C (가능성 있음),"교회 9개, 대형상가 28개",노원구,중계동,37.6579349484934,127.076171190321
129~172번지,서울특별시 노원구 중계동 129,101,208,65.3,32.4,6,1,101,True,충족,63.6,C (가능성 있음),"교회 1개, 대형상가 5개",노원구,중계동,37.6598756653913,127.080111675246
16~118번지,서울특별시 노원구 중계동 16-1,524,625,79.6,33.9,9,3,75,True,충족,62.1,C (가능성 있음),"교회 3개, 대형상가 9개",노원구,중계동,37.6445161772689,127.088298699481
500~517번지,서울특별시 노원구 중계동 500,12,38,83.3,33.2,0,0,13,True,충족,60.9,C (가능성 있음),대형상가 8개,노원구,중계동,37.645626802742,127.062702374902
409~453번지,서울특별시 노원구 중계동 409,8,48,50.0,26.5,1,2,30,True,충족,52.5,C (가능성 있음),"교회 2개, 대형상가 6개",노원구,중계동,37.6511215963447,127.074246090776
576~606번지,서울특별시 노원구 중계동 576,25,30,20.0,26.2,0,2,1,False,3년 후 충족,42.9,D (가능성 낮음),"노후도 미충족 (3년 후 충족 예상), 교회 2개",노원구,중계동,37.6504652482761,127.081715544764
1~162번지,서울특별시 은평구 녹번동 1-5,1580,1886,62.8,31.1,101,9,259,True,충족,59.5,C (가능성 있음),"교회 9개, 대형상가 19개",은평구,녹번동,37.6100480732288,126.938945708678
1~31번지,서울특별시 은평구 불광동 1,345,391,70.4,35.2,25,3,36,True,충족,62.3,C (가능성 있음),"교회 3개, 대형상가 1개",은평구,불광동,,
43~281번지,서울특별시 은평구 불광동 43,1219,1395,78.8,37.1,41,3,142,True,충족,62.0,C (가능성 있음),"교회 3개, 대형상가 7개",은평구,불광동,37.625690815005,126.93371207902
187~199번지,서울특별시 은평구 갈현동 187,8,8,75.0,36.6,0,0,0,True,충족,73.8,B (유력),-,은평구,갈현동,,
295~308번지,서울특별시 은평구 갈현동 295,13,13,76.9,41.1,1,0,0,True,충족,73.5,B (유력),-,은평구,갈현동,,
227~284번지,서울특별시 은평구 갈현동 227-5,377,400,69.5,34.8,15,0,13,True,충족,70.5,B (유력),대형상가 1개,은평구,갈현동,37.6181067048156,126.908794929845
1~13번지,서울특별시 은평구 갈현동 1-4,295,306,69.5,35.4,13,1,6,True,충족,69.5,B (유력),교회 1개,은평구,갈현동,37.628106238317,126.919205465327
390~452번지,서울특별시 은평구 갈현동 390-1,628,966,59.7,30.9,43,1,321,True,충족,57.3,C (가능성 있음),"교회 1개, 대형상가 14개",은평구,갈현동,37.6266310852807,126.919648178964
325~350번지,서울특별시 은평구 갈현동 325-4,122,134,31.1,26.2,10,1,10,False,6년 후 충족,43.4,D (가능성 낮음),"노후도 미충족 (6년 후 충족 예상), 교회 1개, 대형상가 1개",은평구,갈현동,37.6164530905125,126.907827055309
100~115번지,서울특별시 은평구 구산동 100-1,7,10,100.0,45.0,0,0,0,True,충족,77.0,B (유력),-,은평구,구산동,37.6123682367916,126.91022572394
338~384번지,서울특별시 은평구 구산동 338-1,202,233,63.4,31.5,20,0,26,True,충족,71.8,B (유력),대형상가 1개,은평구,구산동,37.6149618168553,126.908925399606
304~323번지,서울특별시 은평구 구산동 304-1,206,225,61.2,33.3,11,1,17,True,충족,69.7,B (유력),교회 1개,은평구,구산동,37.618109371566,126.90588030845
147~226번지,서울특별시 은평구 구산동 147-1,406,458,48.0,28.1,52,0,33,False,1년 후 충족,49.2,D (가능성 낮음),"노후도 미충족 (1년 후 충족 예상), 대형상가 1개",은평구,구산동,37.613111398002,126.909199595144
1~88번지,서울특별시 은평구 구산동 1-1,626,725,46.5,28.2,51,1,76,False,4년 후 충족,41.2,D (가능성 낮음),"노후도 미충족 (4년 후 충족 예상), 교회 1개, 대형상가 4개",은평구,구산동,37.6112084472876,126.916814869508
546~551번지,서울특별시 은평구 구산동 546,6,6,0.0,9.8,4,0,0,False,미충족,36.1,D (가능성 낮음),"노후도 미충족 (10년 내 충족 어려움), 신축 67%",은평구,구산동,37.6123949614304,126.905676281624
163~210번지,서울특별시 은평구 대조동 163-12,642,849,64.3,31.9,32,1,196,True,충족,60.5,C (가능성 있음),"교회 1개, 대형상가 12개",은평구,대조동,37.612792021964,126.920737457427
1~113번지,서울특별시 은평구 대조동 1-1,755,1015,63.4,33.6,32,3,226,True,충족,59.9,C (가능성 있음),"교회 3개, 대형상가 9개",은평구,대조동,37.6126684718148,126.927129189648
208~215번지,서울특별시 은평구 응암동 208,10,11,80.0,39.1,0,0,0,True,충족,74.8,B (유력),-,은평구,응암동,,
226~268번지,서울특별시 은평구 응암동 226-13,254,281,82.3,44.1,8,0,19,True,충족,71.4,B (유력),대형상가 2개,은평구,응암동,37.5964693079728,126.925121246216
20~48번지,서울특별시 은평구 응암동 20-2,81,93,81.5,38.5,5,0,9,True,충족,71.0,B (유력),대형상가 2개,은평구,응암동,37.6002003914372,126.935809504533
149~197번지,서울특별시 은평구 응암동 149-3,120,135,58.3,32.4,10,0,10,True,충족,68.2,B (유력),-,은평구,응암동,37.5996048548266,126.927442585266
61~132번지,서울특별시 은평구 응암동 61-3,998,1329,54.9,30.4,56,2,301,True,충족,51.9,C (가능성 있음),"교회 2개, 대형상가 33개",은평구,응암동,37.6008124500692,126.933239290703
1~4번지,서울특별시 은평구 응암동 1-9,16,20,43.8,32.3,1,0,3,False,4년 후 충족,50.7,C (가능성 있음),노후도 미충족 (4년 후 충족 예상),은평구,응암동,,
1~50번지,서울특별시 은평구 역촌동 1-1,1651,1938,51.0,28.9,124,3,263,True,충족,51.2,C (가능성 있음),"교회 3개, 대형상가 22개",은평구,역촌동,37.6108508522187,126.91746706316
165~171번지,서울특별시 강남구 신사동 165,4,4,100.0,486.0,0,0,0,True,충족,77.0,B (유력),-,은평구,신사동,,
235~256번지,서울특별시 강남구 신사동 235,4,5,100.0,269.2,0,0,0,True,충족,77.0,B (유력),-,은평구,신사동,,
501~646번지,서울특별시 강남구 신사동 501,488,1949,53.9,33.7,5,6,1396,True,충족,51.2,C (가능성 있음),"교회 6개, 대형상가 228개",은평구,신사동,37.516844401777,127.019768322892
1~11번지,서울특별시 은평구 증산동 1-2,18,20,100.0,41.6,0,0,1,True,충족,79.0,B (유력),-,은평구,증산동,37.5885006627101,126.910613542598
131~134번지,서울특별시 은평구 증산동 131-1,112,114,93.8,43.4,0,0,0,True,충족,77.7,B (유력),-,은평구,증산동,37.5889728928592,126.910402381103
66~98번지,서울특별시 은평구 증산동 66,102,116,92.2,45.4,0,0,2,True,충족,77.4,B (유력),-,은평구,증산동,,
157~223번지,서울특별시 은평구 증산동 157-1,698,864,79.8,39.0,16,4,136,True,충족,62.2,C (가능성 있음),"교회 4개, 대형상가 17개",은평구,증산동,37.5893869522182,126.910354103937
238~258번지,서울특별시 은평구 증산동 238-4,30,31,36.7,26.1,2,0,1,False,6년 후 충족,47.4,D (가능성 낮음),"노후도 미충족 (6년 후 충족 예상), 대형상가 1개",은평구,증산동,37.5780581164493,126.902924179179
16~65번지,서울특별시 서대문구 충정로2가 16-8,23,47,60.9,39.0,0,1,20,True,충족,68.2,B (유력),"교회 1개, 대형상가 1개",서대문구,충정로2가,37.5659330817599,126.965232007233
1~60번지,서울특별시 서대문구 홍제동 1,289,328,81.0,39.9,5,1,27,True,충족,70.4,B (유력),"교회 1개, 대형상가 1개",서대문구,홍제동,,
79~104번지,서울특별시 서대문구 홍제동 79-61,23,51,73.9,46.3,0,1,21,True,충족,67.3,B (유력),"교회 1개, 대형상가 2개",서대문구,홍제동,,
1~25번지,서울특별시 서대문구 홍은동 1-2,842,945,84.9,38.7,35,3,93,True,충족,63.3,C (가능성 있음),"교회 3개, 대형상가 7개",서대문구,홍은동,37.5989935035356,126.956041303456
47~74번지,서울특별시 서대문구 남가좌동 47,140,165,89.3,38.2,3,0,19,True,충족,76.6,B (유력),-,서대문구,남가좌동,,
1~35번지,서울특별시 서대문구 남가좌동 1-1,395,429,68.9,31.8,32,0,30,True,충족,66.4,B (유력),대형상가 3개,서대문구,남가좌동,37.5844818988381,126.923051302379
1~3번지,서울특별시 서대문구 북가좌동 1-1,88,92,65.9,33.1,4,0,4,True,충족,75.8,B (유력),-,서대문구,북가좌동,37.5820753377715,126.920322613803
1~188번지,서울특별시 서대문구 연희동 1,1424,1884,70.8,39.0,82,5,408,True,충족,60.3,C (가능성 있음),"교회 5개, 대형상가 34개",서대문구,연희동,37.5840920800303,126.93935343485
1~13번지,서울특별시 서대문구 천연동 1,3,14,100.0,56.0,0,0,9,True,충족,77.0,B (유력),-,서대문구,천연동,37.5693602130628,126.962909023503
31~98번지,서울특별시 서대문구 천연동 31-1,83,116,74.7,41.4,3,1,20,True,충족,70.7,B (유력),교회 1개,서대문구,천연동,37.5685136401604,126.962347665845
489~496번지,서울특별시 마포구 아현동 489-5,9,14,100.0,54.8,0,0,0,True,충족,77.0,B (유력),-,마포구,아현동,,
85~91번지,서울특별시 마포구 아현동 85-2,25,44,88.0,52.3,0,0,8,True,충족,76.5,B (유력),-,마포구,아현동,,
570~572번지,서울특별시 마포구 아현동 570-5,31,44,87.1,37.9,0,0,3,True,충족,76.3,B (유력),-,마포구,아현동,37.5563519730242,126.954148845059
676~751번지,서울특별시 마포구 아현동 676,323,366,86.4,36.4,8,1,29,True,충족,69.6,B (유력),"교회 1개, 대형상가 2개",마포구,아현동,37.5565431971251,126.948542717164
267~291번지,서울특별시 마포구 아현동 267-1,11,37,90.9,41.9,1,0,18,True,충족,68.9,B (유력),대형상가 3개,마포구,아현동,37.5563553625894,126.95692920641
591~618번지,서울특별시 마포구 아현동 591-36,4,21,75.0,52.8,0,0,13,True,충족,68.4,B (유력),대형상가 3개,마포구,아현동,,
762~804번지,서울특별시 마포구 아현동 762,39,55,71.8,30.8,3,6,7,True,충족,60.5,C (가능성 있음),"교회 6개, 대형상가 2개",마포구,아현동,37.5567274151732,126.959827977248
326~477번지,서울특별시 마포구 아현동 326-1,90,361,70.0,46.9,9,3,132,True,충족,60.1,C (가능성 있음),"교회 3개, 대형상가 6개",마포구,아현동,37.5562189546345,126.955004639081
396~411번지,서울특별시 마포구 대흥동 396,12,26,100.0,53.9,0,0,12,True,충족,79.0,B (유력),-,마포구,대흥동,37.5458746825138,126.941987515604
366~379번지,서울특별시 마포구 대흥동 366,13,15,69.2,36.8,2,0,1,True,충족,71.2,B (유력),-,마포구,대흥동,37.5455434320462,126.941716758003
526~554번지,서울특별시 마포구 대흥동 526-8,16,28,75.0,40.6,2,1,5,True,충족,70.0,B (유력),교회 1개,마포구,대흥동,37.5444800751855,126.944335920188
428~468번지,서울특별시 마포구 대흥동 428-3,3,22,66.7,36.7,0,0,18,True,충족,69.4,B (유력),대형상가 3개,마포구,대흥동,37.5456824169896,126.943301775189
500~511번지,서울특별시 마포구 대흥동 500-1,16,23,56.2,32.0,2,0,6,True,충족,66.3,B (유력),-,마포구,대흥동,37.5447720844542,126.944517659857
793~812번지,서울특별시 마포구 대흥동 793,34,54,67.6,38.0,2,2,11,True,충족,66.3,B (유력),교회 2개,마포구,대흥동,,
105~347번지,서울특별시 마포구 대흥동 105-1,157,286,78.3,37.6,19,0,112,True,충족,64.4,C (가능성 있음),대형상가 5개,마포구,대흥동,37.5484562375925,126.941104429599
2~38번지,서울특별시 마포구 대흥동 2-7,268,389,81.0,38.4,25,1,96,True,충족,64.3,C (가능성 있음),"교회 1개, 대형상가 4개",마포구,대흥동,37.5562348313353,126.946417171866
575~588번지,서울특별시 마포구 대흥동 575,6,13,50.0,40.2,0,0,7,True,충족,63.1,C (가능성 있음),-,마포구,대흥동,37.543400084902,126.943278835843
762~778번지,서울특별시 마포구 대흥동 762,18,26,44.4,26.1,4,0,8,False,6년 후 충족,45.6,D (가능성 낮음),"노후도 미충족 (6년 후 충족 예상), 대형상가 1개, 신축 22%",마포구,대흥동,37.5440741930449,126.940671999538
8~36번지,서울특별시 마포구 염리동 8,224,277,79.9,38.4,27,2,41,True,충족,68.3,B (유력),교회 2개,마포구,염리동,,
276~285번지,서울특별시 마포구 합정동 276-3,4,4,100.0,64.2,0,0,0,True,충족,77.0,B (유력),-,마포구,합정동,,
45~55번지,서울특별시 마포구 합정동 45-11,3,8,66.7,50.7,0,0,3,True,충족,76.8,B (유력),-,마포구,합정동,,
74~97번지,서울특별시 마포구 합정동 74-5,57,73,77.2,31.5,3,1,13,True,충족,71.1,B (유력),교회 1개,마포구,합정동,37.5439583348953,126.913663686137
185~213번지,서울특별시 마포구 합정동 185-7,29,52,65.5,35.3,0,1,22,True,충족,67.7,B (유력),"교회 1개, 대형상가 2개",마포구,합정동,37.5455896481045,126.911907622989
354~414번지,서울특별시 마포구 합정동 354-2,475,886,70.1,34.4,13,1,386,True,충족,60.2,C (가능성 있음),"교회 1개, 대형상가 27개",마포구,합정동,37.5477181784398,126.919231542245
426~474번지,서울특별시 마포구 합정동 426-2,517,641,54.0,28.8,29,1,108,True,충족,53.3,C (가능성 있음),"교회 1개, 대형상가 7개",마포구,합정동,37.5524686869505,126.911916389011
22~46번지,서울특별시 마포구 망원동 22-5,6,10,100.0,55.2,0,0,2,True,충족,77.0,B (유력),-,마포구,망원동,,
69~79번지,서울특별시 마포구 망원동 69-9,3,4,100.0,58.7,0,0,0,True,충족,77.0,B (유력),-,마포구,망원동,,
205~211번지,서울특별시 마포구 망원동 205-4,3,4,100.0,55.3,0,0,1,True,충족,75.2,B (유력),대형상가 1개,마포구,망원동,37.5525623337629,126.899438269667
450~454번지,서울특별시 마포구 망원동 450-1,32,43,75.0,40.2,0,0,8,True,충족,70.2,B (유력),대형상가 2개,마포구,망원동,37.5584918394347,126.896054317351
232~242번지,서울특별시 마포구 망원동 232-29,6,7,50.0,28.0,1,0,1,True,충족,59.6,C (가능성 있음),-,마포구,망원동,,
373~439번지,서울특별시 마포구 망원동 373-1,1174,1577,61.0,30.3,57,5,379,True,충족,58.2,C (가능성 있음),"교회 5개, 대형상가 14개",마포구,망원동,37.5570164798964,126.908957716304
1~186번지,서울특별시 마포구 성산동 1-5,700,913,59.1,30.3,79,4,171,True,충족,56.9,C (가능성 있음),"교회 4개, 대형상가 24개",마포구,성산동,,
199~275번지,서울특별시 마포구 성산동 199-1,768,979,56.9,30.0,57,4,185,True,충족,55.3,C (가능성 있음),"교회 4개, 대형상가 6개",마포구,성산동,37.5649770923985,126.906584442924
65~90번지,서울특별시 마포구 상암동 65-22,4,7,100.0,96.0,0,0,0,True,충족,77.0,B (유력),-,마포구,상암동,,
1442~1548번지,서울특별시 마포구 상암동 1442,41,65,22.0,25.5,0,0,22,False,5년 후 충족,41.1,D (가능성 낮음),"노후도 미충족 (5년 후 충족 예상), 대형상가 2개",마포구,상암동,37.5781180910402,126.896420210448
2~42번지,서울특별시 마포구 상암동 2,251,402,37.1,27.7,6,0,145,False,5년 후 충족,40.7,D (가능성 낮음),"노후도 미충족 (5년 후 충족 예상), 대형상가 5개",마포구,상암동,,
1258~1262번지,서울특별시 마포구 상암동 1258,4,5,0.0,21.5,1,0,1,False,1년 후 충족,37.9,D (가능성 낮음),"노후도 미충족 (1년 후 충족 예상), 신축 25%",마포구,상암동,37.5778338411829,126.896744376748
1286~1293번지,서울특별시 마포구 상암동 1286,3,7,0.0,25.7,0,0,4,False,5년 후 충족,35.3,D (가능성 낮음),"노후도 미충족 (5년 후 충족 예상), 대형상가 1개",마포구,상암동,37.5760765926511,126.897733493849
1732~1762번지,서울특별시 마포구 상암동 1732,6,18,0.0,15.5,0,0,6,False,미충족,33.3,F (가능성 희박),"노후도 미충족 (10년 내 충족 어려움), 대형상가 6개",마포구,상암동,37.5860378843757,126.884635983911
1580~1692번지,서울특별시 마포구 상암동 1580,8,91,0.0,19.6,0,12,39,False,10년 후 충족,29.5,F (가능성 희박),"노후도 미충족 (10년 후 충족 예상), 교회 12개, 대형상가 32개",마포구,상암동,37.5847783870434,126.885934156936
2~267번지,서울특별시 종로구 구기동 2,451,583,64.3,35.8,32,5,66,True,충족,62.5,C (가능성 있음),"교회 5개, 대형상가 12개",종로구,구기동,37.6313156259592,126.972648916804
2~83번지,서울특별시 종로구 숭인동 2-1,480,694,84.6,49.6,26,2,112,True,충족,63.2,C (가능성 있음),"교회 2개, 대형상가 8개",종로구,숭인동,37.5809772541379,127.015927681909
123~236번지,서울특별시 종로구 숭인동 123,252,473,68.3,43.1,9,2,171,True,충족,57.8,C (가능성 있음),"교회 2개, 대형상가 9개",종로구,숭인동,37.573788077923,127.016953450697
1~12번지,서울특별시 종로구 사직동 1-3,3,17,66.7,36.0,0,0,6,True,충족,73.0,B (유력),대형상가 1개,종로구,사직동,37.5770055487828,126.967616524582
170~336번지,서울특별시 종로구 사직동 170-3,102,285,67.6,38.9,3,3,28,True,충족,62.1,C (가능성 있음),"교회 3개, 대형상가 1개",종로구,사직동,37.5707056903638,126.974554005861
1~79번지,서울특별시 용산구 후암동 1-1,334,399,58.7,37.9,27,2,42,True,충족,61.3,C (가능성 있음),"교회 2개, 대형상가 1개",용산구,후암동,37.5527528304022,126.977879365985
90~409번지,서울특별시 용산구 후암동 90,1040,1375,75.2,45.8,37,4,203,True,충족,61.2,C (가능성 있음),"교회 4개, 대형상가 9개",용산구,후암동,,
73~136번지,서울특별시 용산구 서계동 73,91,115,84.6,41.2,3,0,16,True,충족,73.7,B (유력),대형상가 1개,용산구,서계동,,
3~58번지,서울특별시 용산구 서계동 3,182,247,90.7,55.5,8,0,49,True,충족,67.7,B (유력),대형상가 5개,용산구,서계동,37.5527417034187,126.967548712999
209~276번지,서울특별시 용산구 서계동 209,506,728,68.4,46.2,5,0,176,True,충족,57.8,C (가능성 있음),대형상가 7개,용산구,서계동,37.5502819104944,126.969317198945
1~22번지,서울특별시 용산구 이태원동 1-1,165,212,89.1,43.6,0,1,43,True,충족,68.6,B (유력),"교회 1개, 대형상가 3개",용산구,이태원동,37.5413478268216,126.99596884529
34~44번지,서울특별시 용산구 이태원동 34-4,48,126,75.0,42.0,3,0,78,True,충족,66.0,B (유력),대형상가 4개,용산구,이태원동,37.5333048858706,126.989134610547
56~228번지,서울특별시 용산구 이태원동 56-1,1008,1492,73.4,39.7,43,2,444,True,충족,60.8,C (가능성 있음),"교회 2개, 대형상가 34개",용산구,이태원동,37.534047349985,126.989570661436
241~244번지,서울특별시 성동구 마장동 241-9,3,3,100.0,64.0,0,0,0,True,충족,77.0,B (유력),-,성동구,마장동,,
321~405번지,서울특별시 성동구 마장동 321,211,231,72.5,39.8,17,0,14,True,충족,72.5,B (유력),-,성동구,마장동,,
547~589번지,서울특별시 성동구 마장동 547,72,99,69.4,39.5,4,0,25,True,충족,68.3,B (유력),대형상가 1개,성동구,마장동,,
425~533번지,서울특별시 성동구 마장동 425,319,647,80.3,44.5,4,1,308,True,충족,62.3,C (가능성 있음),"교회 1개, 대형상가 30개",성동구,마장동,,
733~836번지,서울특별시 성동구 마장동 733-4,213,393,69.0,40.4,21,1,152,True,충족,59.9,C (가능성 있음),"교회 1개, 대형상가 24개",성동구,마장동,,
282~315번지,서울특별시 성동구 사근동 282-8,173,190,83.2,39.9,5,0,13,True,충족,75.2,B (유력),-,성동구,사근동,37.5644201855406,127.047081574229
162~231번지,서울특별시 성동구 사근동 162-5,404,436,83.7,40.8,17,0,28,True,충족,71.6,B (유력),대형상가 2개,성동구,사근동,37.5594801544685,127.047870834974
58~350번지,서울특별시 성동구 행당동 58,618,925,80.3,42.2,21,3,276,True,충족,62.3,C (가능성 있음),"교회 3개, 대형상가 23개",성동구,행당동,,
1~40번지,서울특별시 성동구 행당동 1,198,349,53.0,34.3,9,0,147,True,충족,59.4,C (가능성 있음),대형상가 3개,성동구,행당동,37.5627479370063,127.038915852467
375~389번지,서울특별시 성동구 행당동 375,7,16,0.0,15.1,2,2,6,False,미충족,32.5,F (가능성 희박),"노후도 미충족 (10년 내 충족 어려움), 교회 2개, 대형상가 2개, 신축 29%",성동구,행당동,37.5567045410466,127.031529834865
10~50번지,서울특별시 성동구 응봉동 10-15,14,14,92.9,77.6,0,0,0,True,충족,75.5,B (유력),-,성동구,응봉동,,
116~210번지,서울특별시 성동구 응봉동 116-1,201,220,91.5,50.0,0,1,15,True,충족,72.8,B (유력),"교회 1개, 대형상가 1개",성동구,응봉동,,
65~104번지,서울특별시 성동구 응봉동 65,13,16,100.0,72.6,0,1,1,True,충족,72.5,B (유력),"교회 1개, 대형상가 1개",성동구,응봉동,,
264~279번지,서울특별시 성동구 응봉동 264-2,185,192,81.1,31.3,0,0,5,True,충족,69.3,B (유력),대형상가 1개,성동구,응봉동,37.5532523782197,127.030462884569
226~228번지,서울특별시 성동구 응봉동 226-4,9,18,55.6,31.1,1,0,9,True,충족,66.0,B (유력),-,성동구,응봉동,,
1694~1698번지,서울특별시 성동구 금호동1가 1694,3,3,100.0,58.3,0,0,0,True,충족,77.0,B (유력),-,성동구,금호동1가,,
1632~1645번지,서울특별시 성동구 금호동1가 1632,8,12,87.5,43.5,0,0,4,True,충족,76.4,B (유력),-,성동구,금호동1가,,
1593~1597번지,서울특별시 성동구 금호동1가 1593,4,4,100.0,33.0,0,0,0,True,충족,75.0,B (유력),-,성동구,금호동1가,37.5488656489031,127.026516675632
1755~1836번지,서울특별시 성동구 금호동1가 1755,23,66,52.2,39.2,2,1,39,True,충족,57.5,C (가능성 있음),"교회 1개, 대형상가 2개",성동구,금호동1가,37.5516779315763,127.025718595129
613~635번지,서울특별시 성동구 금호동1가 613,6,10,50.0,42.3,0,3,0,True,충족,57.0,C (가능성 있음),교회 3개,성동구,금호동1가,37.5533433250915,127.02450077732
1~179번지,서울특별시 성동구 금호동1가 1-72,163,202,68.7,31.7,1,1,37,True,충족,55.9,C (가능성 있음),"교회 1개, 대형상가 6개",성동구,금호동1가,37.5569462195509,127.021821505442
16~92번지,서울특별시 광진구 중곡동 16,1647,1956,57.0,29.7,109,7,280,True,충족,55.4,C (가능성 있음),"교회 7개, 대형상가 20개",광진구,중곡동,37.5682904629898,127.085875284758
465~466번지,서울특별시 광진구 능동 465-3,4,4,75.0,64.2,1,0,0,True,충족,71.5,B (유력),신축 25%,광진구,능동,37.5461249705919,127.076810239251
416~424번지,서울특별시 광진구 능동 416-3,12,12,58.3,33.2,0,0,0,True,충족,70.9,B (유력),-,광진구,능동,37.5524290584748,127.079156020111
368~404번지,서울특별시 광진구 능동 368-2,59,61,57.6,31.2,11,0,1,True,충족,68.8,B (유력),-,광진구,능동,37.5540177509154,127.079479219698
436~441번지,서울특별시 광진구 능동 436,4,4,50.0,44.0,0,0,0,True,충족,65.1,B (유력),-,광진구,능동,,
135~186번지,서울특별시 광진구 능동 135-3,73,77,41.1,28.2,9,0,2,False,2년 후 충족,51.6,C (가능성 있음),노후도 미충족 (2년 후 충족 예상),광진구,능동,37.552310759245,127.082445026798
312~329번지,서울특별시 광진구 능동 312-1,100,109,48.0,26.6,10,0,9,False,1년 후 충족,49.5,D (가능성 낮음),"노후도 미충족 (1년 후 충족 예상), 대형상가 1개",광진구,능동,37.552978587979,127.078193075355
197~265번지,서울특별시 광진구 능동 197-4,674,782,38.0,27.0,72,0,99,False,5년 후 충족,37.5,D (가능성 낮음),"노후도 미충족 (5년 후 충족 예상), 대형상가 20개",광진구,능동,37.5534451070494,127.08023379699
276~284번지,서울특별시 광진구 능동 276-1,22,46,36.4,28.2,1,0,22,False,4년 후 충족,37.1,D (가능성 낮음),"노후도 미충족 (4년 후 충족 예상), 대형상가 8개",광진구,능동,37.556531722677,127.080132872127
130~151번지,서울특별시 광진구 구의동 130-1,12,13,83.3,49.1,0,0,0,True,충족,75.5,B (유력),-,광진구,구의동,37.5467551178517,127.092186978527
3~81번지,서울특별시 광진구 구의동 3,1281,1504,53.4,30.0,83,4,196,True,충족,52.9,C (가능성 있음),"교회 4개, 대형상가 27개",광진구,구의동,37.5536822057713,127.100535847774
188~211번지,서울특별시 광진구 구의동 188,327,400,41.3,28.0,29,3,56,False,1년 후 충족,38.2,D (가능성 낮음),"노후도 미충족 (1년 후 충족 예상), 교회 3개, 대형상가 8개",광진구,구의동,,
239~288번지,서울특별시 광진구 광장동 239-6,139,202,66.2,33.3,10,2,54,True,충족,63.0,C (가능성 있음),"교회 2개, 대형상가 3개",광진구,광장동,37.5456368593993,127.103734216774
413~414번지,서울특별시 광진구 광장동 413-1,6,13,50.0,34.8,0,1,4,True,충족,62.4,C (가능성 있음),교회 1개,광진구,광장동,37.5435614260495,127.098775023862
313~401번지,서울특별시 광진구 광장동 313,107,171,69.2,39.4,6,1,53,True,충족,60.0,C (가능성 있음),"교회 1개, 대형상가 10개",광진구,광장동,,
173~189번지,서울특별시 광진구 광장동 173,14,25,50.0,28.4,0,0,10,True,충족,59.3,C (가능성 있음),대형상가 1개,광진구,광장동,,
554~583번지,서울특별시 광진구 광장동 554,15,19,40.0,25.5,1,0,1,False,3년 후 충족,50.1,C (가능성 있음),"노후도 미충족 (3년 후 충족 예상), 대형상가 1개",광진구,광장동,37.5408136231953,127.100935868004
445~472번지,서울특별시 광진구 광장동 445-3,6,17,33.3,23.2,1,0,9,False,미충족,40.4,D (가능성 낮음),"노후도 미충족 (10년 내 충족 어려움), 대형상가 4개",광진구,광장동,37.543665619842,127.102431555044
102~148번지,서울특별시 광진구 광장동 102,14,27,28.6,25.6,0,0,11,False,1년 후 충족,30.5,F (가능성 희박),"노후도 미충족 (1년 후 충족 예상), 대형상가 7개",광진구,광장동,37.5516194181635,127.110947204792
40~97번지,서울특별시 광진구 자양동 40-1,548,645,85.8,37.4,40,1,87,True,충족,67.3,B (유력),"교회 1개, 대형상가 3개",광진구,자양동,37.5380601587308,127.06439493909
1~25번지,서울특별시 광진구 자양동 1-1,268,422,69.4,32.9,9,2,145,True,충족,58.0,C (가능성 있음),"교회 2개, 대형상가 20개",광진구,자양동,37.5396835124749,127.070205883499
181~251번지,서울특별시 광진구 자양동 181-1,719,873,69.1,33.3,91,4,135,True,충족,57.9,C (가능성 있음),"교회 4개, 대형상가 18개",광진구,자양동,37.5339812598846,127.061135576268
396~398번지,서울특별시 동대문구 신설동 396-2,4,8,75.0,43.5,1,0,4,True,충족,71.5,B (유력),신축 25%,동대문구,신설동,37.5786156532527,127.026086162321
1~53번지,서울특별시 동대문구 신설동 1-2,14,43,57.1,33.6,3,0,19,True,충족,66.2,B (유력),신축 21%,동대문구,신설동,37.5783972584115,127.027255412414
67~117번지,서울특별시 동대문구 신설동 67-1,167,495,80.8,47.6,8,1,292,True,충족,62.4,C (가능성 있음),"교회 1개, 대형상가 43개",동대문구,신설동,37.5770394095191,127.024615066142
165~191번지,서울특별시 동대문구 용두동 165-1,13,25,92.3,56.9,0,1,6,True,충족,74.7,B (유력),교회 1개,동대문구,용두동,,
9~55번지,서울특별시 동대문구 용두동 9-1,820,1029,84.8,43.5,54,0,191,True,충족,63.2,C (가능성 있음),대형상가 11개,동대문구,용두동,37.57908532116,127.042575687651
89~150번지,서울특별시 동대문구 용두동 89-5,479,825,64.7,33.9,29,2,318,True,충족,60.8,C (가능성 있음),"교회 2개, 대형상가 14개",동대문구,용두동,,
285~346번지,서울특별시 동대문구 제기동 285-1,135,182,86.7,40.5,2,0,40,True,충족,76.1,B (유력),-,동대문구,제기동,37.5865507757754,127.042315229998
2~274번지,서울특별시 동대문구 제기동 2,1032,1357,71.7,40.0,71,9,224,True,충족,60.5,C (가능성 있음),"교회 9개, 대형상가 3개",동대문구,제기동,,
183~209번지,서울특별시 동대문구 전농동 183-5,306,390,89.9,43.6,1,3,64,True,충족,68.8,B (유력),교회 3개,동대문구,전농동,37.5784855971138,127.056574446806
1~67번지,서울특별시 동대문구 전농동 1-64,511,644,85.9,46.1,21,4,113,True,충족,63.5,C (가능성 있음),"교회 4개, 대형상가 8개",동대문구,전농동,37.5794718021295,127.068053637215
89~155번지,서울특별시 동대문구 전농동 89-4,665,828,71.9,35.6,61,3,131,True,충족,60.5,C (가능성 있음),"교회 3개, 대형상가 4개",동대문구,전농동,37.5806498683669,127.057703783985
155~160번지,서울특별시 동대문구 답십리동 155-2,3,5,100.0,69.0,0,0,1,True,충족,77.0,B (유력),-,동대문구,답십리동,,
173~218번지,서울특별시 동대문구 답십리동 173-1,9,15,100.0,65.0,0,0,0,True,충족,77.0,B (유력),-,동대문구,답십리동,,
342~346번지,서울특별시 동대문구 답십리동 342,3,3,100.0,60.3,0,0,0,True,충족,77.0,B (유력),-,동대문구,답십리동,,
375~435번지,서울특별시 동대문구 답십리동 375,10,14,100.0,70.4,0,0,1,True,충족,77.0,B (유력),-,동대문구,답십리동,,
294~330번지,서울특별시 동대문구 답십리동 294,73,83,89.0,39.6,1,2,6,True,충족,71.2,B (유력),교회 2개,동대문구,답십리동,,
231~276번지,서울특별시 동대문구 답십리동 231,211,292,91.9,41.2,8,1,75,True,충족,64.7,C (가능성 있음),"교회 1개, 대형상가 7개",동대문구,답십리동,,
463~485번지,서울특별시 동대문구 답십리동 463-1,327,454,79.5,39.3,30,1,113,True,충족,62.1,C (가능성 있음),"교회 1개, 대형상가 9개",동대문구,답십리동,37.5737777917938,127.044161103496
1~134번지,서울특별시 동대문구 답십리동 1,684,942,77.5,39.2,29,4,235,True,충족,61.7,C (가능성 있음),"교회 4개, 대형상가 18개",동대문구,답십리동,,
206~245번지,서울특별시 동대문구 장안동 206-472,92,135,94.6,40.7,0,0,41,True,충족,68.9,B (유력),대형상가 5개,동대문구,장안동,,
183~195번지,서울특별시 동대문구 장안동 183-2,208,266,83.2,34.6,0,0,58,True,충족,64.5,C (가능성 있음),대형상가 5개,동대문구,장안동,37.5683756571231,127.065406485718
92~169번지,서울특별시 동대문구 장안동 92-2,803,1019,82.7,37.9,34,3,204,True,충족,62.8,C (가능성 있음),"교회 3개, 대형상가 23개",동대문구,장안동,37.5793901754517,127.07125456344
283~329번지,서울특별시 동대문구 장안동 283-1,218,423,60.1,31.0,28,1,183,True,충족,59.6,C (가능성 있음),"교회 1개, 대형상가 43개",동대문구,장안동,37.5803897248176,127.075197299344
484~640번지,서울특별시 동대문구 청량리동 484,61,127,90.2,47.3,0,0,56,True,충족,77.0,B (유력),-,동대문구,청량리동,37.5869954685025,127.043654774102
248~447번지,서울특별시 동대문구 청량리동 248,105,188,91.4,46.8,0,0,72,True,충족,75.4,B (유력),대형상가 1개,동대문구,청량리동,37.5813329705355,127.046323735973
941~949번지,서울특별시 동대문구 청량리동 941,5,5,80.0,42.8,0,0,0,True,충족,72.8,B (유력),-,동대문구,청량리동,37.5880393874601,127.045252842552
653~793번지,서울특별시 동대문구 청량리동 653-1,12,95,100.0,63.8,0,0,78,True,충족,68.2,B (유력),대형상가 6개,동대문구,청량리동,37.5840487787686,127.043633693286
110~235번지,서울특별시 동대문구 청량리동 110,433,780,90.1,53.0,2,3,58,True,충족,64.3,C (가능성 있음),"교회 3개, 대형상가 7개",동대문구,청량리동,,
1~77번지,서울특별시 동대문구 청량리동 1-1,347,494,81.6,36.1,2,5,116,True,충족,62.6,C (가능성 있음),"교회 5개, 대형상가 6개",동대문구,청량리동,37.5878205048039,127.052508903707
95~110번지,서울특별시 동대문구 회기동 95,356,400,71.6,35.2,27,2,32,True,충족,65.0,B (유력),교회 2개,동대문구,회기동,,
1~83번지,서울특별시 동대문구 회기동 1-1,348,655,70.1,38.0,31,2,287,True,충족,58.2,C (가능성 있음),"교회 2개, 대형상가 7개",동대문구,회기동,37.5920731804727,127.055480410511
346~351번지,서울특별시 동대문구 회기동 346,10,29,50.0,35.1,1,0,19,True,충족,56.8,C (가능성 있음),대형상가 3개,동대문구,회기동,37.5906023793453,127.054755121648
1~25번지,서울특별시 동대문구 이문동 1-3,3,5,100.0,60.7,0,0,1,True,충족,77.0,B (유력),-,동대문구,이문동,37.5961735432573,127.055009905962
38~184번지,서울특별시 동대문구 이문동 38-46,1330,1438,95.9,44.8,7,1,95,True,충족,68.2,B (유력),"교회 1개, 대형상가 4개",동대문구,이문동,37.6004390362541,127.069182610353
209~256번지,서울특별시 동대문구 이문동 209-3,295,396,88.5,42.0,10,2,94,True,충족,65.5,B (유력),"교회 2개, 대형상가 3개",동대문구,이문동,37.6057164712506,127.066402693643
1~98번지,서울특별시 중랑구 면목동 1-1,1679,1938,73.0,32.1,110,7,237,True,충족,58.8,C (가능성 있음),"교회 7개, 대형상가 21개",중랑구,면목동,37.5889558546054,127.101935961226
165~205번지,서울특별시 중랑구 상봉동 165,187,215,65.2,32.4,22,0,22,True,충족,70.9,B (유력),대형상가 1개,중랑구,상봉동,,
12~52번지,서울특별시 중랑구 상봉동 12-2,88,113,67.0,33.6,4,0,21,True,충족,62.5,C (가능성 있음),대형상가 4개,중랑구,상봉동,37.6066342613069,127.091521866104
63~143번지,서울특별시 중랑구 상봉동 63,1058,1602,63.1,30.2,130,4,511,True,충족,59.7,C (가능성 있음),"교회 4개, 대형상가 59개",중랑구,상봉동,37.6012129721752,127.093061552443
1~20번지,서울특별시 중랑구 중화동 1,80,89,60.0,31.2,5,0,6,True,충족,67.7,B (유력),대형상가 1개,중랑구,중화동,37.6019576737056,127.086626838239
1~77번지,서울특별시 중랑구 묵동 1,108,145,34.3,25.7,15,5,15,False,6년 후 충족,36.7,D (가능성 낮음),"노후도 미충족 (6년 후 충족 예상), 교회 5개, 대형상가 4개",중랑구,묵동,37.6192927083204,127.083491583828
69~252번지,서울특별시 중랑구 망우동 69,502,657,77.3,34.4,25,1,119,True,충족,61.7,C (가능성 있음),"교회 1개, 대형상가 18개",중랑구,망우동,,
340~364번지,서울특별시 중랑구 망우동 340-1,358,457,84.1,34.7,11,2,88,True,충족,61.1,C (가능성 있음),"교회 2개, 대형상가 7개",중랑구,망우동,37.6007165714615,127.102780935385
22~56번지,서울특별시 중랑구 망우동 22,23,40,8.7,17.6,3,0,15,False,미충족,44.8,D (가능성 낮음),노후도 미충족 (10년 내 충족 어려움),중랑구,망우동,,
295~320번지,서울특별시 중랑구 망우동 295-2,16,44,0.0,15.6,2,0,19,False,미충족,39.4,D (가능성 낮음),"노후도 미충족 (10년 내 충족 어려움), 대형상가 2개",중랑구,망우동,37.6103644300286,127.1069695241
40~47번지,서울특별시 중랑구 신내동 40-3,6,8,83.3,38.2,0,0,2,True,충족,73.7,B (유력),대형상가 1개,중랑구,신내동,,
638~667번지,서울특별시 중랑구 신내동 638,6,25,100.0,30.3,0,3,8,True,충족,62.4,C (가능성 있음),"교회 3개, 대형상가 7개",중랑구,신내동,37.6184298273463,127.091981129042
376~547번지,서울특별시 중랑구 신내동 376-25,363,551,78.8,32.9,20,2,155,True,충족,60.0,C (가능성 있음),"교회 2개, 대형상가 16개",중랑구,신내동,37.6087434763885,127.102795377657
559~592번지,서울특별시 중랑구 신내동 559-2,25,64,56.0,33.9,1,1,33,True,충족,56.7,C (가능성 있음),"교회 1개, 대형상가 7개",중랑구,신내동,37.6055992457521,127.095115922217
104~123번지,서울특별시 중랑구 신내동 104,3,8,33.3,24.0,0,0,0,False,미충족,51.1,C (가능성 있음),노후도 미충족 (10년 내 충족 어려움),중랑구,신내동,,
270~352번지,서울특별시 중랑구 신내동 270,89,183,32.6,21.3,20,3,65,False,미충족,38.3,D (가능성 낮음),"노후도 미충족 (10년 내 충족 어려움), 교회 3개, 대형상가 5개, 신축 22%",중랑구,신내동,37.6199267700446,127.104688919301
611~622번지,서울특별시 중랑구 신내동 611-1,3,12,0.0,22.0,0,0,6,False,8년 후 충족,35.3,D (가능성 낮음),"노후도 미충족 (8년 후 충족 예상), 대형상가 1개",중랑구,신내동,37.6073859435097,127.095962377496
771~838번지,서울특별시 중랑구 신내동 771-1,19,37,15.8,21.6,3,2,5,False,5년 후 충족,32.8,F (가능성 희박),"노후도 미충족 (5년 후 충족 예상), 교회 2개, 대형상가 4개",중랑구,신내동,37.6148192719304,127.087998423377
1~173번지,서울특별시 성북구 성북동 1,1015,1363,78.2,42.1,58,12,155,True,충족,61.9,C (가능성 있음),"교회 12개, 대형상가 27개",성북구,성북동,37.5968439931252,127.000846892247
1~6번지,서울특별시 성북구 돈암동 1,30,45,80.0,46.2,0,2,11,True,충족,65.8,B (유력),"교회 2개, 대형상가 2개",성북구,돈암동,37.6032350599381,127.026198036694
1~361번지,서울특별시 성북구 안암동1가 1-1,253,348,73.5,29.4,15,1,58,True,충족,66.4,B (유력),"교회 1개, 대형상가 1개",성북구,안암동,37.5888431668029,127.019145935814
1~116번지,서울특별시 성북구 보문동4가 1,58,104,82.8,45.4,3,0,39,True,충족,69.3,B (유력),대형상가 2개,성북구,보문동,,
5~45번지,서울특별시 성북구 정릉동 5-46,325,432,83.1,37.7,16,0,87,True,충족,73.2,B (유력),대형상가 1개,성북구,정릉동,,
75~226번지,서울특별시 성북구 정릉동 75-120,735,928,76.3,43.1,61,3,133,True,충족,61.5,C (가능성 있음),"교회 3개, 대형상가 5개",성북구,정릉동,,
478~489번지,서울특별시 성북구 길음동 478-4,55,71,87.3,45.0,2,0,15,True,충족,76.0,B (유력),-,성북구,길음동,37.6115970194959,127.029407994221
15~34번지,서울특별시 성북구 길음동 15-12,35,72,77.1,43.0,2,0,23,True,충족,68.3,B (유력),대형상가 3개,성북구,길음동,,
1~112번지,서울특별시 성북구 종암동 1-8,1279,1858,69.0,36.0,98,7,492,True,충족,59.9,C (가능성 있음),"교회 7개, 대형상가 24개",성북구,종암동,37.5987709552021,127.040440797956
1~90번지,서울특별시 성북구 하월곡동 1-13,1390,1901,79.1,39.4,72,7,434,True,충족,62.0,C (가능성 있음),"교회 7개, 대형상가 35개",성북구,하월곡동,37.6053744180809,127.047198313415
18~24번지,서울특별시 성북구 상월곡동 18-1,173,203,86.1,42.6,9,0,27,True,충족,66.6,B (유력),대형상가 5개,성북구,상월곡동,,
135~141번지,서울특별시 성북구 장위동 135-2,24,29,83.3,43.9,0,0,4,True,충족,75.5,B (유력),-,성북구,장위동,37.6175035237469,127.055881351346
33~123번지,서울특별시 성북구 장위동 33,1271,1513,87.7,44.5,66,3,205,True,충족,63.9,C (가능성 있음),"교회 3개, 대형상가 15개",성북구,장위동,,
57~94번지,서울특별시 성북구 석관동 57-1,396,470,82.8,37.2,14,0,70,True,충족,75.1,B (유력),-,성북구,석관동,37.6076893465166,127.06514847784
110~137번지,서울특별시 성북구 석관동 110-2,327,394,56.0,30.4,28,1,61,True,충족,62.0,C (가능성 있음),"교회 1개, 대형상가 1개",성북구,석관동,37.6110925130042,127.066689824435
167~285번지,서울특별시 성북구 석관동 167-7,876,1045,76.7,35.9,64,2,144,True,충족,61.5,C (가능성 있음),"교회 2개, 대형상가 12개",성북구,석관동,37.6135817639549,127.065403472598
42~43번지,서울특별시 성북구 석관동 42-11,4,4,50.0,31.5,2,0,0,True,충족,60.6,C (가능성 있음),신축 50%,성북구,석관동,37.6062532229553,127.066824688288
45~114번지,서울특별시 강서구 염창동 45-4,18,49,55.6,26.1,2,0,17,True,충족,55.0,C (가능성 있음),대형상가 5개,강서구,염창동,37.5522248646793,126.872269586556
182~184번지,서울특별시 강서구 염창동 182-14,3,4,33.3,21.3,1,0,1,False,1년 후 충족,39.3,D (가능성 낮음),"노후도 미충족 (1년 후 충족 예상), 대형상가 1개, 신축 33%",강서구,염창동,37.5510922404277,126.875067189665
238~313번지,서울특별시 강서구 염창동 238,201,423,35.8,25.0,22,4,177,False,5년 후 충족,35.0,D (가능성 낮음),"노후도 미충족 (5년 후 충족 예상), 교회 4개, 대형상가 54개",강서구,염창동,37.5583158213775,126.865645429441
398~401번지,서울특별시 강서구 등촌동 398-8,3,3,100.0,56.7,0,0,0,True,충족,77.0,B (유력),-,강서구,등촌동,,
365~366번지,서울특별시 강서구 등촌동 365-5,155,156,50.3,27.8,16,0,1,True,충족,62.4,C (가능성 있음),-,강서구,등촌동,37.5517822700117,126.861000080118
560~576번지,서울특별시 강서구 등촌동 560-6,130,159,56.9,28.7,11,2,27,True,충족,55.3,C (가능성 있음),"교회 2개, 대형상가 5개",강서구,등촌동,37.5431020023265,126.86218632913
628~713번지,서울특별시 강서구 등촌동 628,361,807,49.0,26.6,47,8,346,False,1년 후 충족,39.8,D (가능성 낮음),"노후도 미충족 (1년 후 충족 예상), 교회 8개, 대형상가 149개",강서구,등촌동,37.5605066932777,126.855579145404
505~534번지,서울특별시 강서구 등촌동 505-1,410,519,42.4,26.0,29,0,88,False,5년 후 충족,38.4,D (가능성 낮음),"노후도 미충족 (5년 후 충족 예상), 대형상가 14개",강서구,등촌동,37.5516071391865,126.863024405506
42~102번지,서울특별시 강서구 화곡동 42-1,1407,1563,42.4,27.6,95,3,129,False,5년 후 충족,36.4,D (가능성 낮음),"노후도 미충족 (5년 후 충족 예상), 교회 3개, 대형상가 5개",강서구,화곡동,37.5455917825448,126.852965336294
18~29번지,서울특별시 강서구 화곡동 18-3,261,386,41.8,27.3,23,2,117,False,5년 후 충족,36.3,D (가능성 낮음),"노후도 미충족 (5년 후 충족 예상), 교회 2개, 대형상가 7개",강서구,화곡동,37.5492114248354,126.846639610866
523~609번지,서울특별시 강서구 방화동 523-22,814,1084,72.0,35.7,25,3,242,True,충족,58.5,C (가능성 있음),"교회 3개, 대형상가 19개",강서구,방화동,37.5714861878691,126.804380454405
245~294번지,서울특별시 강서구 방화동 245-15,319,421,55.2,29.0,31,3,95,True,충족,54.1,C (가능성 있음),"교회 3개, 대형상가 9개",강서구,방화동,37.5693782551369,126.815654570491
447~456번지,서울특별시 강서구 방화동 447-13,59,83,39.0,29.9,5,0,19,False,5년 후 충족,44.1,D (가능성 낮음),"노후도 미충족 (5년 후 충족 예상), 대형상가 3개",강서구,방화동,37.57508169719,126.813456374837
110~141번지,서울특별시 강서구 방화동 110-2,39,52,38.5,26.8,0,1,9,False,4년 후 충족,42.1,D (가능성 낮음),"노후도 미충족 (4년 후 충족 예상), 교회 1개, 대형상가 3개",강서구,방화동,37.5782508622751,126.819020325977
312~361번지,서울특별시 강서구 방화동 312-4,70,92,40.0,25.1,11,1,17,False,5년 후 충족,39.2,D (가능성 낮음),"노후도 미충족 (5년 후 충족 예상), 교회 1개, 대형상가 4개",강서구,방화동,37.576766364168,126.817601152546
478~507번지,서울특별시 강서구 방화동 478-11,84,137,34.5,26.8,5,1,38,False,5년 후 충족,34.8,F (가능성 희박),"노후도 미충족 (5년 후 충족 예상), 교회 1개, 대형상가 10개",강서구,방화동,37.5751998718621,126.809596534015
1~45번지,서울특별시 강서구 공항동 1-1,451,560,71.6,35.4,20,3,99,True,충족,58.5,C (가능성 있음),"교회 3개, 대형상가 11개",강서구,공항동,37.5637385562857,126.81651419203
1~125번지,서울특별시 양천구 신월동 1-14,1553,1924,73.6,33.0,70,8,326,True,충족,60.9,C (가능성 있음),"교회 8개, 대형상가 42개",양천구,신월동,37.5425488332565,126.827643317759
27~46번지,서울특별시 양천구 목동 27-3,76,85,35.5,25.5,3,1,4,False,6년 후 충족,46.5,D (가능성 낮음),"노후도 미충족 (6년 후 충족 예상), 교회 1개",양천구,목동,,
109~136번지,서울특별시 양천구 목동 109-3,105,122,40.0,22.8,18,0,11,False,미충족,45.4,D (가능성 낮음),"노후도 미충족 (10년 내 충족 어려움), 대형상가 2개",양천구,목동,,
729~743번지,서울특별시 양천구 신정동 729,9,16,66.7,31.0,1,0,5,True,충족,74.0,B (유력),대형상가 1개,양천구,신정동,37.5106818345938,126.84484047066
77~93번지,서울특별시 양천구 신정동 77,46,78,91.3,36.3,1,1,22,True,충족,70.7,B (유력),"교회 1개, 대형상가 2개",양천구,신정동,,
754~781번지,서울특별시 양천구 신정동 754-5,8,32,75.0,40.1,0,3,19,True,충족,62.1,C (가능성 있음),"교회 3개, 대형상가 2개",양천구,신정동,37.5104589533281,126.841333876344
276~296번지,서울특별시 양천구 신정동 276,64,140,73.4,37.3,4,0,69,True,충족,60.9,C (가능성 있음),대형상가 7개,양천구,신정동,37.5109999280343,126.865206944462
105~212번지,서울특별시 양천구 신정동 105-2,289,476,73.0,33.0,15,6,155,True,충족,58.8,C (가능성 있음),"교회 6개, 대형상가 11개",양천구,신정동,,
872~914번지,서울특별시 양천구 신정동 872-1,397,626,48.9,27.3,35,3,206,False,1년 후 충족,37.8,D (가능성 낮음),"노후도 미충족 (1년 후 충족 예상), 교회 3개, 대형상가 35개",양천구,신정동,37.5280600065073,126.852577207491
309~340번지,서울특별시 양천구 신정동 309,20,92,35.0,28.2,0,13,37,False,4년 후 충족,31.9,F (가능성 희박),"노후도 미충족 (4년 후 충족 예상), 교회 13개, 대형상가 32개",양천구,신정동,,
270~295번지,서울특별시 구로구 신도림동 270-2,159,375,96.2,45.6,0,1,127,True,충족,73.7,B (유력),"교회 1개, 대형상가 1개",구로구,신도림동,37.5139105854624,126.882015364793
1~155번지,서울특별시 구로구 구로동 1-4,782,1181,47.3,31.7,30,9,352,False,6년 후 충족,39.4,D (가능성 낮음),"노후도 미충족 (6년 후 충족 예상), 교회 9개, 대형상가 56개",구로구,구로동,37.5073085104332,126.891739287094
1~30번지,서울특별시 구로구 가리봉동 1,260,294,72.3,31.9,18,1,24,True,충족,68.1,B (유력),"교회 1개, 대형상가 1개",구로구,가리봉동,37.4860553771667,126.881576495085
74~139번지,서울특별시 구로구 가리봉동 74-2,769,994,78.0,36.1,82,2,185,True,충족,61.8,C (가능성 있음),"교회 2개, 대형상가 13개",구로구,가리봉동,,
770~779번지,서울특별시 구로구 가리봉동 770,39,40,25.6,23.3,3,0,0,False,9년 후 충족,44.8,D (가능성 낮음),노후도 미충족 (9년 후 충족 예상),구로구,가리봉동,37.4861107559854,126.884454908596
1~23번지,서울특별시 구로구 오류동 1-1,575,679,67.8,34.6,35,1,71,True,충족,59.7,C (가능성 있음),"교회 1개, 대형상가 10개",구로구,오류동,37.4986370714003,126.836588412019
1~16번지,서울특별시 구로구 항동 1,34,47,23.5,25.9,2,1,5,False,4년 후 충족,43.8,D (가능성 낮음),"노후도 미충족 (4년 후 충족 예상), 교회 1개",구로구,항동,37.487366008576,126.824273362538
4~7번지,서울특별시 금천구 가산동 4-6,25,27,80.0,33.4,1,0,2,True,충족,74.5,B (유력),-,금천구,가산동,37.4850426276942,126.881649778131
448~470번지,서울특별시 금천구 가산동 448,3,50,66.7,31.7,1,0,23,True,충족,73.8,B (유력),신축 33%,금천구,가산동,37.4780336208306,126.879008528288
276~345번지,서울특별시 금천구 가산동 276-7,5,61,60.0,36.4,1,0,3,True,충족,66.7,B (유력),대형상가 2개,금천구,가산동,,
79~87번지,서울특별시 금천구 가산동 79-2,8,23,50.0,33.1,0,0,14,True,충족,63.1,C (가능성 있음),-,금천구,가산동,37.4819074504923,126.885738985346
533~569번지,서울특별시 금천구 가산동 533,6,54,66.7,32.8,2,0,22,True,충족,62.2,C (가능성 있음),"대형상가 12개, 신축 33%",금천구,가산동,37.4846032161671,126.876208135889
29~60번지,서울특별시 금천구 가산동 29-6,165,229,70.9,31.8,2,0,35,True,충족,60.0,C (가능성 있음),대형상가 6개,금천구,가산동,37.4831388782848,126.884094175045
139~153번지,서울특별시 금천구 가산동 139-1,271,461,62.7,33.7,46,0,175,True,충족,59.4,C (가능성 있음),대형상가 20개,금천구,가산동,37.4800360775816,126.887925465482
233~239번지,서울특별시 금천구 가산동 233-5,133,247,43.6,27.9,15,0,95,False,6년 후 충족,38.7,D (가능성 낮음),"노후도 미충족 (6년 후 충족 예상), 대형상가 16개",금천구,가산동,37.4755692787434,126.890859749866
769~779번지,서울특별시 금천구 가산동 769,7,8,0.0,14.9,4,0,1,False,미충족,33.2,F (가능성 희박),"노후도 미충족 (10년 내 충족 어려움), 대형상가 1개, 신축 57%",금천구,가산동,37.4760395859626,126.891719741887
40~68번지,서울특별시 금천구 독산동 40-55,26,29,76.9,35.2,1,0,0,True,충족,73.8,B (유력),-,금천구,독산동,,
54~58번지,서울특별시 금천구 시흥동 54-2,12,13,100.0,36.8,0,0,1,True,충족,77.2,B (유력),대형상가 1개,금천구,시흥동,37.4580033363058,126.908455674081
383~384번지,서울특별시 금천구 시흥동 383-3,6,7,100.0,43.2,0,1,0,True,충족,76.3,B (유력),교회 1개,금천구,시흥동,,
644~655번지,서울특별시 금천구 시흥동 644-34,5,6,80.0,37.6,0,0,0,True,충족,74.8,B (유력),-,금천구,시흥동,,
169~184번지,서울특별시 금천구 시흥동 169-5,69,73,73.9,31.8,8,0,1,True,충족,70.5,B (유력),-,금천구,시흥동,37.4555162362027,126.908293692622
555~564번지,서울특별시 금천구 시흥동 555-3,10,21,70.0,31.8,0,0,3,True,충족,68.9,B (유력),대형상가 1개,금천구,시흥동,37.4506855368442,126.896706481184
1~8번지,서울특별시 금천구 시흥동 1-1,256,269,65.2,31.4,17,2,6,True,충족,66.0,B (유력),"교회 2개, 대형상가 1개",금천구,시흥동,37.4635239103368,126.911390443795
492~493번지,서울특별시 금천구 시흥동 492-8,31,37,61.3,25.7,2,1,5,True,충족,65.7,B (유력),교회 1개,금천구,시흥동,37.4473761850567,126.900893204013
21~26번지,서울특별시 금천구 시흥동 21-2,7,9,57.1,28.9,2,1,0,True,충족,64.8,C (가능성 있음),"교회 1개, 신축 29%",금천구,시흥동,37.463664464411,126.905231009844
198~272번지,서울특별시 금천구 시흥동 198-2,402,507,81.1,35.1,40,5,80,True,충족,62.5,C (가능성 있음),"교회 5개, 대형상가 3개",금천구,시흥동,,
103~124번지,서울특별시 금천구 시흥동 103-5,40,99,80.0,34.5,3,1,46,True,충족,60.2,C (가능성 있음),"교회 1개, 대형상가 14개",금천구,시흥동,37.4553379523157,126.899358028416
789~815번지,서울특별시 금천구 시흥동 789-1,607,679,73.6,32.6,41,2,62,True,충족,58.9,C (가능성 있음),"교회 2개, 대형상가 6개",금천구,시흥동,37.4626270803045,126.904497828972
411~420번지,서울특별시 금천구 시흥동 411-16,7,9,28.6,29.9,0,0,0,False,6년 후 충족,48.1,D (가능성 낮음),노후도 미충족 (6년 후 충족 예상),금천구,시흥동,37.4482012468322,126.911212557449
28~82번지,서울특별시 영등포구 영등포동 28-91,6,19,100.0,68.3,0,0,2,True,충족,77.0,B (유력),-,영등포구,영등포동,,
111~144번지,서울특별시 영등포구 영등포동 111,5,5,100.0,68.0,0,0,0,True,충족,77.0,B (유력),-,영등포구,영등포동,37.5215052959873,126.906323397034
223~230번지,서울특별시 영등포구 영등포동 223,3,9,100.0,78.0,0,0,0,True,충족,77.0,B (유력),-,영등포구,영등포동,37.5206069325621,126.910541093433
248~263번지,서울특별시 영등포구 영등포동 248,4,21,100.0,66.0,0,0,0,True,충족,77.0,B (유력),-,영등포구,영등포동,37.5202136439657,126.910065327415
411~434번지,서울특별시 영등포구 영등포동 411,16,55,100.0,61.8,0,0,23,True,충족,75.2,B (유력),대형상가 1개,영등포구,영등포동,37.5212005151658,126.909244690223
550~592번지,서울특별시 영등포구 영등포동 550-7,50,79,78.0,42.6,0,0,17,True,충족,72.6,B (유력),대형상가 1개,영등포구,영등포동,,
217~257번지,서울특별시 영등포구 당산동 217-3,7,23,100.0,75.0,0,0,1,True,충족,77.0,B (유력),-,영등포구,당산동,,
279~325번지,서울특별시 영등포구 당산동 279,5,38,100.0,79.4,0,0,1,True,충족,77.0,B (유력),-,영등포구,당산동,,
337~379번지,서울특별시 영등포구 당산동 337,4,26,50.0,37.0,1,0,2,True,충족,55.9,C (가능성 있음),신축 25%,영등포구,당산동,,
169~173번지,서울특별시 영등포구 당산동 169-2,6,22,33.3,32.7,0,0,15,False,1년 후 충족,43.5,D (가능성 낮음),"노후도 미충족 (1년 후 충족 예상), 대형상가 2개",영등포구,당산동,,
91~123번지,서울특별시 영등포구 당산동 91,42,125,28.6,26.6,1,0,74,False,8년 후 충족,30.5,F (가능성 희박),"노후도 미충족 (8년 후 충족 예상), 대형상가 18개",영등포구,당산동,,
603~611번지,서울특별시 영등포구 대림동 603-8,105,125,83.8,34.1,7,0,17,True,충족,73.2,B (유력),대형상가 1개,영등포구,대림동,37.5056671732035,126.89700467828
650~759번지,서울특별시 영등포구 대림동 650,723,1143,71.5,32.3,63,3,386,True,충족,60.4,C (가능성 있음),"교회 3개, 대형상가 45개",영등포구,대림동,37.5038414805746,126.896607959674
176~256번지,서울특별시 동작구 노량진동 176-6,903,1182,85.4,38.4,33,5,184,True,충족,63.4,C (가능성 있음),"교회 5개, 대형상가 3개",동작구,노량진동,,
1~156번지,서울특별시 동작구 노량진동 1-2,227,595,86.3,39.7,9,1,280,True,충족,61.6,C (가능성 있음),"교회 1개, 대형상가 13개",동작구,노량진동,37.5163220545797,126.946644011544
1~121번지,서울특별시 동작구 상도동 1-1,367,532,45.5,28.6,49,4,87,False,3년 후 충족,39.1,D (가능성 낮음),"노후도 미충족 (3년 후 충족 예상), 교회 4개, 대형상가 12개",동작구,상도동,37.5074192442178,126.952140487742
31~105번지,서울특별시 동작구 사당동 31,682,798,74.9,34.8,47,4,98,True,충족,61.2,C (가능성 있음),"교회 4개, 대형상가 6개",동작구,사당동,,
120~206번지,서울특별시 동작구 사당동 120,817,1083,71.8,32.9,68,8,250,True,충족,58.5,C (가능성 있음),"교회 8개, 대형상가 17개",동작구,사당동,37.4886429406256,126.977791543855
141~209번지,서울특별시 동작구 대방동 141,10,38,100.0,65.5,0,0,1,True,충족,77.0,B (유력),-,동작구,대방동,,
82~126번지,서울특별시 동작구 대방동 82-10,24,38,79.2,43.1,0,0,6,True,충족,71.1,B (유력),대형상가 2개,동작구,대방동,37.514362082425,126.930649323915
1~70번지,서울특별시 동작구 대방동 1,216,285,74.5,36.7,10,1,46,True,충족,61.1,C (가능성 있음),"교회 1개, 대형상가 9개",동작구,대방동,37.5058294321779,126.93434886243
330~354번지,서울특별시 동작구 대방동 330,62,108,51.6,28.7,10,1,33,True,충족,51.6,C (가능성 있음),"교회 1개, 대형상가 7개",동작구,대방동,,
500~522번지,서울특별시 동작구 대방동 500,15,19,26.7,23.1,2,1,2,False,7년 후 충족,40.0,D (가능성 낮음),"노후도 미충족 (7년 후 충족 예상), 교회 1개, 대형상가 1개",동작구,대방동,37.5093670272736,126.92593559718
375~417번지,서울특별시 동작구 대방동 375-1,760,979,42.4,27.4,80,2,192,False,5년 후 충족,38.4,D (가능성 낮음),"노후도 미충족 (5년 후 충족 예상), 교회 2개, 대형상가 23개",동작구,대방동,37.5046891103244,126.926964874464
460~499번지,서울특별시 동작구 신대방동 460-1,58,82,81.0,39.2,0,1,13,True,충족,72.3,B (유력),교회 1개,동작구,신대방동,37.4947236414312,126.916773711571
584~646번지,서울특별시 동작구 신대방동 584-8,516,599,79.1,34.4,13,3,58,True,충족,62.0,C (가능성 있음),"교회 3개, 대형상가 8개",동작구,신대방동,37.4918396431965,126.909587231852
685~693번지,서울특별시 동작구 신대방동 685,190,245,60.0,30.2,16,0,51,True,충족,57.5,C (가능성 있음),대형상가 7개,동작구,신대방동,37.4889474175236,126.906814212282
338~395번지,서울특별시 동작구 신대방동 338-1,776,907,51.9,28.8,109,4,116,True,충족,51.9,C (가능성 있음),"교회 4개, 대형상가 6개",동작구,신대방동,37.4982507880295,126.928875077407
83~108번지,서울특별시 동작구 동작동 83-1,43,58,65.1,31.9,0,2,9,True,충족,70.3,B (유력),교회 2개,동작구,동작동,37.4981837229666,126.983384257529
45~66번지,서울특별시 동작구 동작동 45-15,7,13,42.9,28.4,0,0,4,False,3년 후 충족,53.1,C (가능성 있음),노후도 미충족 (3년 후 충족 예상),동작구,동작동,,
316~333번지,서울특별시 동작구 동작동 316-3,4,6,0.0,20.2,0,0,1,False,7년 후 충족,42.3,D (가능성 낮음),"노후도 미충족 (7년 후 충족 예상), 대형상가 1개",동작구,동작동,37.5056005955757,126.979746171706
0~66번지,서울특별시 관악구 봉천동,1492,1843,75.5,36.5,100,5,327,True,충족,61.3,C (가능성 있음),"교회 5개, 대형상가 9개",관악구,봉천동,37.4825384917268,126.952165181187
95~100번지,서울특별시 관악구 봉천동 95-1,106,110,44.3,24.1,20,0,4,False,5년 후 충족,49.7,D (가능성 낮음),노후도 미충족 (5년 후 충족 예상),관악구,봉천동,37.4808915465404,126.958633309298
75~107번지,서울특별시 관악구 신림동 75-8,1314,1607,61.1,29.6,140,4,269,True,충족,58.3,C (가능성 있음),"교회 4개, 대형상가 11개",관악구,신림동,37.4838077597673,126.930897600189
10~11번지,서울특별시 관악구 신림동 10-10,300,354,47.3,26.0,42,0,48,False,1년 후 충족,43.6,D (가능성 낮음),"노후도 미충족 (1년 후 충족 예상), 대형상가 4개",관악구,신림동,37.4818422147467,126.933577402304
1132~1139번지,서울특별시 관악구 남현동 1132,8,8,0.0,21.1,0,0,0,False,8년 후 충족,42.1,D (가능성 낮음),노후도 미충족 (8년 후 충족 예상),관악구,남현동,37.471210937608,126.973036438531
1053~1087번지,서울특별시 관악구 남현동 1053-1,567,702,47.6,25.8,67,3,125,False,1년 후 충족,39.5,D (가능성 낮음),"노후도 미충족 (1년 후 충족 예상), 교회 3개, 대형상가 17개",관악구,남현동,37.475320983395,126.971491344268
602~612번지,서울특별시 관악구 남현동 602-1,193,248,34.7,24.3,12,2,49,False,6년 후 충족,34.8,F (가능성 희박),"노후도 미충족 (6년 후 충족 예상), 교회 2개, 대형상가 4개",관악구,남현동,37.4753804466146,126.980858174483
1420~1522번지,서울특별시 서초구 서초동 1420-6,639,1086,37.9,25.6,85,5,405,False,6년 후 충족,37.5,D (가능성 낮음),"노후도 미충족 (6년 후 충족 예상), 교회 5개, 대형상가 75개",서초구,서초동,37.4849015361332,127.024767973726
1301~1376번지,서울특별시 서초구 서초동 1301,174,636,46.0,26.9,15,4,425,False,1년 후 충족,37.2,D (가능성 낮음),"노후도 미충족 (1년 후 충족 예상), 교회 4개, 대형상가 178개",서초구,서초동,37.5026210058897,127.019507849848
5~76번지,서울특별시 서초구 잠원동 5,299,702,47.8,28.7,22,4,375,False,1년 후 충족,37.5,D (가능성 낮음),"노후도 미충족 (1년 후 충족 예상), 교회 4개, 대형상가 65개",서초구,잠원동,,
157~165번지,서울특별시 서초구 잠원동 157,9,9,0.0,8.2,7,0,0,False,미충족,37.1,D (가능성 낮음),"노후도 미충족 (10년 내 충족 어려움), 신축 78%",서초구,잠원동,37.5087440552448,127.010214201793
141~144번지,서울특별시 서초구 방배동 141-4,26,30,96.2,42.6,0,0,3,True,충족,78.2,B (유력),-,서초구,방배동,37.487465645155,126.996444830307
32~46번지,서울특별시 서초구 방배동 32-1,6,15,83.3,42.5,0,0,8,True,충족,75.5,B (유력),-,서초구,방배동,37.4946107335844,126.99021765915
162~173번지,서울특별시 서초구 방배동 162,7,10,71.4,39.7,0,0,1,True,충족,73.0,B (유력),-,서초구,방배동,,
527~537번지,서울특별시 서초구 방배동 527-7,98,109,92.9,39.9,0,0,11,True,충족,70.3,B (유력),대형상가 4개,서초구,방배동,37.4784324540826,126.987778978461
78~92번지,서울특별시 서초구 방배동 78-4,4,14,50.0,37.0,0,0,3,True,충족,63.1,C (가능성 있음),-,서초구,방배동,,
421~490번지,서울특별시 서초구 방배동 421-1,549,816,51.2,28.8,28,2,238,True,충족,51.3,C (가능성 있음),"교회 2개, 대형상가 34개",서초구,방배동,37.4850346441913,126.983692903346
315~338번지,서울특별시 서초구 방배동 315,26,35,42.3,26.0,1,1,0,False,2년 후 충족,47.9,D (가능성 낮음),"노후도 미충족 (2년 후 충족 예상), 교회 1개",서초구,방배동,,
580~599번지,서울특별시 서초구 방배동 580,58,67,36.2,22.5,13,0,3,False,6년 후 충족,44.1,D (가능성 낮음),"노후도 미충족 (6년 후 충족 예상), 대형상가 2개, 신축 22%",서초구,방배동,37.471330299736,126.991509988214
1~19번지,서울특별시 서초구 방배동 1-1,110,131,38.2,26.0,9,0,19,False,5년 후 충족,42.2,D (가능성 낮음),"노후도 미충족 (5년 후 충족 예상), 대형상가 4개",서초구,방배동,37.4941917102909,126.993304142867
725~790번지,서울특별시 서초구 방배동 725,376,552,40.7,27.5,22,6,158,False,1년 후 충족,36.0,D (가능성 낮음),"노후도 미충족 (1년 후 충족 예상), 교회 6개, 대형상가 23개",서초구,방배동,37.4971392783097,126.989738752313
505~516번지,서울특별시 서초구 방배동 505-2,16,22,12.5,11.1,13,1,5,False,미충족,34.9,F (가능성 희박),"노후도 미충족 (10년 내 충족 어려움), 교회 1개, 대형상가 1개, 신축 81%",서초구,방배동,37.4757788885743,126.983990435465
137~160번지,서울특별시 서초구 양재동 137-1,3,6,100.0,33.3,0,0,2,True,충족,79.0,B (유력),-,서초구,양재동,37.4751599611319,127.032726797431
1~125번지,서울특별시 서초구 양재동 1,498,1062,54.8,28.7,32,6,527,True,충족,51.9,C (가능성 있음),"교회 6개, 대형상가 89개",서초구,양재동,37.4848307156884,127.037719746341
200~313번지,서울특별시 서초구 양재동 200,327,773,47.1,25.1,37,0,417,False,1년 후 충족,37.4,D (가능성 낮음),"노후도 미충족 (1년 후 충족 예상), 대형상가 48개",서초구,양재동,37.4682649656675,127.031108085058
252~260번지,서울특별시 서초구 우면동 252-7,13,15,69.2,31.7,1,0,2,True,충족,71.9,B (유력),-,서초구,우면동,37.4654587545354,127.020417185412
594~610번지,서울특별시 서초구 우면동 594-13,25,43,88.0,40.5,1,2,11,True,충족,70.8,B (유력),교회 2개,서초구,우면동,37.4580587182214,127.014485693757
173~241번지,서울특별시 서초구 우면동 173-1,75,89,52.0,29.0,14,0,12,True,충족,63.0,C (가능성 있음),대형상가 1개,서초구,우면동,37.4674581848056,127.021455554739
473~512번지,서울특별시 서초구 우면동 473-1,34,38,47.1,29.8,3,0,2,False,1년 후 충족,49.6,D (가능성 낮음),"노후도 미충족 (1년 후 충족 예상), 대형상가 2개",서초구,우면동,37.4603757379741,127.016712378004
1~77번지,서울특별시 서초구 우면동 1,165,208,41.8,26.1,18,1,26,False,5년 후 충족,41.8,D (가능성 낮음),"노후도 미충족 (5년 후 충족 예상), 교회 1개, 대형상가 3개",서초구,우면동,37.4686907007198,127.024138630101
671~738번지,서울특별시 서초구 우면동 671,9,35,0.0,13.9,0,4,9,False,미충족,31.5,F (가능성 희박),"노후도 미충족 (10년 내 충족 어려움), 교회 4개, 대형상가 6개",서초구,우면동,37.4670198841992,127.021722655852
753~791번지,서울특별시 서초구 우면동 753,6,22,0.0,13.0,0,0,10,False,미충족,31.5,F (가능성 희박),"노후도 미충족 (10년 내 충족 어려움), 대형상가 7개",서초구,우면동,37.4564360491133,127.013251949969
601~697번지,서울특별시 강남구 역삼동 601,912,1953,29.9,26.3,45,4,997,False,5년 후 충족,35.8,D (가능성 낮음),"노후도 미충족 (5년 후 충족 예상), 교회 4개, 대형상가 202개",강남구,역삼동,37.504544396967,127.025570660563
1~134번지,서울특별시 강남구 논현동 1,636,1917,45.6,29.6,33,5,1227,False,1년 후 충족,37.1,D (가능성 낮음),"노후도 미충족 (1년 후 충족 예상), 교회 5개, 대형상가 272개",강남구,논현동,37.5158616061058,127.020188280489
781~798번지,서울특별시 강남구 일원동 781-18,5,8,80.0,32.0,0,0,3,True,충족,70.8,B (유력),-,강남구,일원동,,
614~692번지,서울특별시 강남구 일원동 614,667,819,78.3,32.9,113,2,138,True,충족,61.9,C (가능성 있음),"교회 2개, 대형상가 8개",강남구,일원동,37.4909681210679,127.077719392203
703~743번지,서울특별시 강남구 일원동 703-2,88,111,86.4,30.1,3,1,13,True,충족,61.6,C (가능성 있음),"교회 1개, 대형상가 6개",강남구,일원동,37.4883267932092,127.07454125482
443~502번지,서울특별시 강남구 수서동 443,29,68,72.4,61.3,4,1,32,True,충족,69.3,B (유력),교회 1개,강남구,수서동,,
707~752번지,서울특별시 강남구 수서동 707,17,75,82.4,29.8,0,5,31,True,충족,58.7,C (가능성 있음),"교회 5개, 대형상가 21개",강남구,수서동,37.4911326752954,127.100177629819
766~801번지,서울특별시 강남구 수서동 766,7,10,0.0,7.3,4,0,1,False,미충족,37.2,D (가능성 낮음),"노후도 미충족 (10년 내 충족 어려움), 대형상가 1개, 신축 57%",강남구,수서동,37.482793878285,127.096350032318
164~181번지,서울특별시 강남구 세곡동 164-6,41,49,73.2,35.0,6,0,8,True,충족,72.1,B (유력),-,강남구,세곡동,37.4637083717703,127.107178920243
96~129번지,서울특별시 강남구 세곡동 96-1,40,51,70.0,34.7,2,0,7,True,충족,70.5,B (유력),대형상가 1개,강남구,세곡동,37.4653802928476,127.109629131841
407~442번지,서울특별시 강남구 세곡동 407-1,50,60,28.0,20.1,21,0,8,False,미충족,44.4,D (가능성 낮음),"노후도 미충족 (10년 내 충족 어려움), 대형상가 1개, 신축 42%",강남구,세곡동,37.4673170251164,127.096277489229
345~377번지,서울특별시 강남구 세곡동 345,43,52,20.9,18.1,16,0,7,False,미충족,41.5,D (가능성 낮음),"노후도 미충족 (10년 내 충족 어려움), 대형상가 2개, 신축 37%",강남구,세곡동,37.4684759016954,127.102286935434
508~616번지,서울특별시 강남구 세곡동 508,31,68,0.0,11.7,3,2,26,False,미충족,29.5,F (가능성 희박),"노후도 미충족 (10년 내 충족 어려움), 교회 2개, 대형상가 23개",강남구,세곡동,37.4642296169066,127.100502534024
72~89번지,서울특별시 송파구 풍납동 72-4,238,255,80.7,34.9,2,0,16,True,충족,74.9,B (유력),-,송파구,풍납동,,
1~40번지,서울특별시 송파구 거여동 1,202,324,62.9,27.8,26,1,111,True,충족,59.5,C (가능성 있음),"교회 1개, 대형상가 16개",송파구,거여동,37.498868415096,127.144935693009
84~94번지,서울특별시 송파구 송파동 84,129,183,21.7,21.9,19,2,51,False,7년 후 충족,34.3,F (가능성 희박),"노후도 미충족 (7년 후 충족 예상), 교회 2개, 대형상가 2개",송파구,송파동,37.5059999160131,127.109115092827
7~59번지,서울특별시 송파구 송파동 7,513,692,23.2,23.0,42,0,174,False,7년 후 충족,32.4,F (가능성 희박),"노후도 미충족 (7년 후 충족 예상), 대형상가 29개",송파구,송파동,37.5087666382017,127.104523640315
1~36번지,서울특별시 송파구 석촌동 1,185,256,30.3,24.4,15,2,69,False,6년 후 충족,33.9,F (가능성 희박),"노후도 미충족 (6년 후 충족 예상), 교회 2개, 대형상가 12개",송파구,석촌동,37.5061951324838,127.097509618401
1~73번지,서울특별시 송파구 삼전동 1,804,983,26.2,23.4,65,2,157,False,7년 후 충족,33.0,F (가능성 희박),"노후도 미충족 (7년 후 충족 예상), 교회 2개, 대형상가 30개",송파구,삼전동,37.5072383607843,127.090900477308
1~73번지,서울특별시 송파구 문정동 1,524,822,33.4,22.8,80,1,278,False,7년 후 충족,34.5,F (가능성 희박),"노후도 미충족 (7년 후 충족 예상), 교회 1개, 대형상가 30개",송파구,문정동,37.4906216221509,127.130293454812
271~300번지,서울특별시 강동구 성내동 271-2,161,190,70.2,30.9,16,0,26,True,충족,68.1,B (유력),대형상가 1개,강동구,성내동,37.531621543712,127.126047311818
7~87번지,서울특별시 강동구 성내동 7,311,449,78.8,33.7,32,2,116,True,충족,60.0,C (가능성 있음),"교회 2개, 대형상가 15개",강동구,성내동,,
107~180번지,서울특별시 강동구 성내동 107-1,566,670,74.0,32.5,44,3,84,True,충족,59.0,C (가능성 있음),"교회 3개, 대형상가 6개",강동구,성내동,37.5338235479961,127.122055004657
192~258번지,서울특별시 강동구 성내동 192-1,299,352,58.5,28.6,30,2,45,True,충족,56.5,C (가능성 있음),"교회 2개, 대형상가 6개",강동구,성내동,,
319~322번지,서울특별시 강동구 성내동 319-1,5,22,40.0,32.8,0,0,15,False,7년 후 충족,37.7,D (가능성 낮음),"노후도 미충족 (7년 후 충족 예상), 대형상가 6개",강동구,성내동,37.5312222156934,127.121144314461
378~387번지,서울특별시 강동구 성내동 378,187,233,26.7,23.3,13,0,41,False,8년 후 충족,33.1,F (가능성 희박),"노후도 미충족 (8년 후 충족 예상), 대형상가 8개",강동구,성내동,37.5341603558749,127.136526753919
31~55번지,서울특별시 강동구 길동 31,11,18,81.8,38.3,0,1,2,True,충족,70.7,B (유력),"교회 1개, 대형상가 1개",강동구,길동,,
72~184번지,서울특별시 강동구 길동 72,297,368,52.9,27.8,25,2,60,True,충족,52.5,C (가능성 있음),"교회 2개, 대형상가 6개",강동구,길동,37.5429995069054,127.148269745299
221~261번지,서울특별시 강동구 길동 221-7,63,94,33.3,26.5,3,1,26,False,5년 후 충족,40.4,D (가능성 낮음),"노후도 미충족 (5년 후 충족 예상), 교회 1개, 대형상가 2개",강동구,길동,37.5367921009586,127.148103576848
317~483번지,서울특별시 강동구 길동 317-41,990,1345,48.4,27.3,73,5,306,False,1년 후 충족,37.7,D (가능성 낮음),"노후도 미충족 (1년 후 충족 예상), 교회 5개, 대형상가 73개",강동구,길동,,
367~389번지,서울특별시 강동구 둔촌동 367,4,9,100.0,56.8,0,0,0,True,충족,77.0,B (유력),-,강동구,둔촌동,,
19~149번지,서울특별시 강동구 둔촌동 19-1,364,494,63.5,29.7,38,3,103,True,충족,59.9,C (가능성 있음),"교회 3개, 대형상가 17개",강동구,둔촌동,37.5303824555949,127.146239781284
575~632번지,서울특별시 강동구 둔촌동 575,95,141,53.7,26.4,12,0,41,True,충족,55.1,C (가능성 있음),대형상가 7개,강동구,둔촌동,37.5369308042728,127.150848529104
510~528번지,서울특별시 강동구 둔촌동 510,29,43,51.7,29.5,0,1,12,True,충족,52.6,C (가능성 있음),"교회 1개, 대형상가 5개",강동구,둔촌동,37.5304300517402,127.141034964409
544~562번지,서울특별시 강동구 둔촌동 544,4,9,25.0,26.2,0,0,4,False,2년 후 충족,45.5,D (가능성 낮음),"노후도 미충족 (2년 후 충족 예상), 대형상가 1개",강동구,둔촌동,37.5295548434094,127.13957388613
403~496번지,서울특별시 강동구 둔촌동 403,305,384,40.7,26.0,36,3,62,False,6년 후 충족,38.0,D (가능성 낮음),"노후도 미충족 (6년 후 충족 예상), 교회 3개, 대형상가 9개",강동구,둔촌동,,
293~300번지,서울특별시 강동구 암사동 293,20,24,55.0,34.4,1,0,0,True,충족,68.2,B (유력),-,강동구,암사동,,
245~281번지,서울특별시 강동구 암사동 245-2,95,107,54.7,31.6,7,0,4,True,충족,67.8,B (유력),-,강동구,암사동,37.5572213695339,127.136719001642
175~197번지,서울특별시 강동구 암사동 175-4,41,55,73.2,31.6,5,0,10,True,충족,65.1,B (유력),대형상가 4개,강동구,암사동,37.5577019781613,127.126771874952
400~472번지,서울특별시 강동구 암사동 400,873,1036,52.8,27.8,71,4,124,True,충족,52.5,C (가능성 있음),"교회 4개, 대형상가 17개",강동구,암사동,37.5565793525256,127.138852308901
90~118번지,서울특별시 강동구 암사동 90-8,59,68,47.5,28.8,11,0,4,False,3년 후 충족,50.6,C (가능성 있음),"노후도 미충족 (3년 후 충족 예상), 대형상가 1개",강동구,암사동,37.5643916212428,127.134255350668
1~185번지,서울특별시 강동구 천호동 1-2,1683,1946,64.3,29.9,143,4,214,True,충족,60.5,C (가능성 있음),"교회 4개, 대형상가 27개",강동구,천호동,37.5504342123683,127.13975053408
651~727번지,서울특별시 강동구 강일동 651,49,106,0.0,5.3,36,8,22,False,미충족,29.5,F (가능성 희박),"노후도 미충족 (10년 내 충족 어려움), 교회 8개, 대형상가 16개, 신축 73%",강동구,강일동,,
